{"cameraMode":{"drawMode":0,"name":"Shaded","section":"Shading Mode"},"sceneLighting":false,"audioPlay":false,"sceneViewState":{"showFog":true,"showMaterialUpdate":false,"showSkybox":false,"showFlares":true,"showImageEffects":true,"showParticleSystems":true},"in2DMode":false,"pivot":{"x":1.605419635772705,"y":1.6645336151123047,"z":-2.121258497238159},"rotation":{"x":-0.20771628618240357,"y":0.5686694383621216,"z":-0.15116412937641145,"w":-0.7814291715621948},"size":5.953734397888184,"orthographic":false}