{"cameraMode":{"drawMode":0,"name":"Shaded","section":"Shading Mode"},"sceneLighting":false,"audioPlay":false,"sceneViewState":{"showFog":true,"showMaterialUpdate":false,"showSkybox":false,"showFlares":true,"showImageEffects":true,"showParticleSystems":true},"in2DMode":false,"pivot":{"x":62.23139953613281,"y":-17.69055938720703,"z":-0.4702796936035156},"rotation":{"x":-0.13379965722560883,"y":-0.785709798336029,"z":0.18255594372749329,"w":-0.5757501721382141},"size":44.32712173461914,"orthographic":false}