{"cameraMode":{"drawMode":0,"name":"Shaded","section":"Shading Mode"},"sceneLighting":false,"audioPlay":false,"sceneViewState":{"showFog":true,"showMaterialUpdate":false,"showSkybox":false,"showFlares":true,"showImageEffects":true,"showParticleSystems":true},"in2DMode":false,"pivot":{"x":0.7560684084892273,"y":1.6407289505004883,"z":-1.1269581317901612},"rotation":{"x":-0.4893481731414795,"y":0.5106347799301148,"z":-0.49796825647354128,"w":-0.5018588304519653},"size":4.730640411376953,"orthographic":false}