{"cameraMode":{"drawMode":0,"name":"Shaded","section":"Shading Mode"},"sceneLighting":false,"audioPlay":false,"sceneViewState":{"showFog":true,"showMaterialUpdate":false,"showSkybox":false,"showFlares":true,"showImageEffects":true,"showParticleSystems":true},"in2DMode":false,"pivot":{"x":-1.559810996055603,"y":0.5867247581481934,"z":-0.8932340741157532},"rotation":{"x":-0.24031732976436616,"y":0.2196049839258194,"z":-0.0559149794280529,"w":-0.9438793659210205},"size":4.730640411376953,"orthographic":false}