{"cameraMode":{"drawMode":0,"name":"Shaded","section":"Shading Mode"},"sceneLighting":false,"audioPlay":false,"sceneViewState":{"showFog":true,"showMaterialUpdate":false,"showSkybox":false,"showFlares":true,"showImageEffects":true,"showParticleSystems":true},"in2DMode":false,"pivot":{"x":3.3272619247436525,"y":1.8554234504699708,"z":-2.134948492050171},"rotation":{"x":-0.10757345706224442,"y":0.48108971118927,"z":-0.05963754653930664,"w":-0.868013858795166},"size":2.1506049633026125,"orthographic":false}