{"cameraMode":{"drawMode":0,"name":"Shaded","section":"Shading Mode"},"sceneLighting":false,"audioPlay":false,"sceneViewState":{"showFog":true,"showMaterialUpdate":false,"showSkybox":false,"showFlares":true,"showImageEffects":true,"showParticleSystems":true},"in2DMode":false,"pivot":{"x":0.38399696350097659,"y":0.6965150833129883,"z":-1.2897107601165772},"rotation":{"x":-0.06892948597669602,"y":0.6822888851165772,"z":-0.06489147245883942,"w":-0.7249458432197571},"size":2.492368698120117,"orthographic":false}