{"cameraMode":{"drawMode":0,"name":"Shaded","section":"Shading Mode"},"sceneLighting":false,"audioPlay":false,"sceneViewState":{"showFog":true,"showMaterialUpdate":false,"showSkybox":false,"showFlares":true,"showImageEffects":true,"showParticleSystems":true},"in2DMode":false,"pivot":{"x":-0.9840131402015686,"y":-0.039586760103702548,"z":0.34432119131088259},"rotation":{"x":-0.30118972063064577,"y":0.6311782002449036,"z":-0.29124385118484499,"w":-0.6527571678161621},"size":7.3457441329956059,"orthographic":false}