{"cameraMode":{"drawMode":0,"name":"Shaded","section":"Shading Mode"},"sceneLighting":true,"audioPlay":false,"sceneViewState":{"showFog":true,"showMaterialUpdate":false,"showSkybox":true,"showFlares":true,"showImageEffects":true,"showParticleSystems":true},"in2DMode":false,"pivot":{"x":41.329498291015628,"y":6.892827033996582,"z":-135.97877502441407},"rotation":{"x":0.08367740362882614,"y":-0.9162352085113525,"z":0.2699265778064728,"w":0.2840183973312378},"size":61.84341049194336,"orthographic":false}