{"cameraMode":{"drawMode":0,"name":"Shaded","section":"Shading Mode"},"sceneLighting":false,"audioPlay":false,"sceneViewState":{"showFog":true,"showMaterialUpdate":false,"showSkybox":false,"showFlares":true,"showImageEffects":true,"showParticleSystems":true},"in2DMode":false,"pivot":{"x":-0.45422667264938357,"y":-1.0158793926239014,"z":0.06949225813150406},"rotation":{"x":-0.3288985788822174,"y":0.31868499517440798,"z":-0.1189795657992363,"w":-0.8809794783592224},"size":7.3457441329956059,"orthographic":false}