{"cameraMode":{"drawMode":0,"name":"Shaded","section":"Shading Mode"},"sceneLighting":false,"audioPlay":false,"sceneViewState":{"showFog":true,"showMaterialUpdate":false,"showSkybox":false,"showFlares":true,"showImageEffects":true,"showParticleSystems":true},"in2DMode":false,"pivot":{"x":-0.7415596842765808,"y":0.9733611941337586,"z":-4.5657830238342289},"rotation":{"x":-0.022534528747200967,"y":0.15443764626979829,"z":-0.003526358399540186,"w":-0.9877526164054871},"size":1.9800001382827759,"orthographic":false}